id,homerange,weight,Samples
Charlie,3.008324,12.8,~1500
Io,0.76728359,7.6,~1500
Ollie,0.24637608,5.2,~1500
